{
  "k20": {
    "key": "k20",
    "name": "ES-RND (K=20, Tau=0.95)",
    "max_return": 1.0,
    "mean_return": 0.9300518133037504,
    "final_return": 1.0,
    "noisy_tv_visits": 42617,
    "noisy_tv_occupancy_pct": 8.5283,
    "first_key_step": 328,
    "first_door_step": 1184,
    "mean_episode_length": 47.08327837965144,
    "mean_cos_sim": 0.9334673278551877,
    "mean_penalty_ratio": 0.8531314036885246
  },
  "k50": {
    "key": "k50",
    "name": "ES-RND (K=50, Tau=0.95)",
    "max_return": 1.0,
    "mean_return": 0.9741744872010393,
    "final_return": 1.0,
    "noisy_tv_visits": 19121,
    "noisy_tv_occupancy_pct": 3.8264,
    "first_key_step": 328,
    "first_door_step": 1184,
    "mean_episode_length": 34.74459506430309,
    "mean_cos_sim": 0.9276772521747053,
    "mean_penalty_ratio": 0.8762867411629098
  },
  "k80": {
    "key": "k80",
    "name": "ES-RND (K=80, Tau=0.95)",
    "max_return": 1.0,
    "mean_return": 0.9721781176963378,
    "final_return": 1.0,
    "noisy_tv_visits": 22687,
    "noisy_tv_occupancy_pct": 4.54,
    "first_key_step": 328,
    "first_door_step": 1184,
    "mean_episode_length": 36.07484122401848,
    "mean_cos_sim": 0.9310418300429163,
    "mean_penalty_ratio": 0.8812095767161885
  },
  "k100": {
    "key": "k100",
    "name": "ES-RND (K=100, Tau=0.95)",
    "max_return": 1.0,
    "mean_return": 0.9571552677255091,
    "final_return": 1.0,
    "noisy_tv_visits": 29997,
    "noisy_tv_occupancy_pct": 6.0029,
    "first_key_step": 328,
    "first_door_step": 1184,
    "mean_episode_length": 39.474727531195704,
    "mean_cos_sim": 0.9370833791981568,
    "mean_penalty_ratio": 0.8850738025102459
  },
  "k150": {
    "key": "k150",
    "name": "ES-RND (K=150, Tau=0.95)",
    "max_return": 0.75,
    "mean_return": 0.03626330310804054,
    "final_return": 0.0,
    "noisy_tv_visits": 28738,
    "noisy_tv_occupancy_pct": 5.7509,
    "first_key_step": 328,
    "first_door_step": 1184,
    "mean_episode_length": 196.88332676389436,
    "mean_cos_sim": 0.9919751216183926,
    "mean_penalty_ratio": 0.9813732710040983
  },
  "k200": {
    "key": "k200",
    "name": "ES-RND (K=200, Tau=0.95)",
    "max_return": 1.0,
    "mean_return": 0.953474767951844,
    "final_return": 1.0,
    "noisy_tv_visits": 24035,
    "noisy_tv_occupancy_pct": 4.8098,
    "first_key_step": 328,
    "first_door_step": 1184,
    "mean_episode_length": 38.98276265501911,
    "mean_cos_sim": 0.9367897409444044,
    "mean_penalty_ratio": 0.8839771708504098
  },
  "k500": {
    "key": "k500",
    "name": "ES-RND (K=500, Tau=0.95)",
    "max_return": 1.0,
    "mean_return": 0.953474767951844,
    "final_return": 1.0,
    "noisy_tv_visits": 24035,
    "noisy_tv_occupancy_pct": 4.8098,
    "first_key_step": 328,
    "first_door_step": 1184,
    "mean_episode_length": 38.98276265501911,
    "mean_cos_sim": 0.9367897409444044,
    "mean_penalty_ratio": 0.8839771708504098
  }
}